id,username
68082939236,aomoonoa.team1
7954196675,style_with_lauren
22989620,coppermtn
41341125406,athomednvr
77000645352,sagerosemary.photography
8590753412,ourlittlewelshhomewithlove
68122295624,zaclotre
1492925418,tapitgrowlers
627909409,anmerjane
41709377360,socialspoonagency
30741092671,scandi.view
68241170004,ugc_with_eva
64746049778,greenbeatnyc
68427923094,teacherswant
62948283032,porta.party.rentals
4224606163,illuminatespace
4339641518,thekindredginger
43645363285,fluffaholics
7783337560,charsjar.s
20189777609,elliesbrightlights
23085599732,_ysmely_decor
23127632971,thedowntownalyshow
440945000,jess_themamabear
30005774412,bris_esthetics
57051464396,daniraywrites
20088213205,modernwandererco
32604375,rachelmmueller
40259276573,bizcoachsasha
51887551553,karissarussell_realtor
44858375075,the_sip_studio
5938976600,a_whisper_in_the_woods
61731660384,_carlybri_
69536537873,bodyposimamma2
10685447375,zhaklin_in_wien
7113216715,helenarosecope
36529704951,jennabinteriors
50523390745,jenn.marie.jerkins
74058866764,campsnail.us
45322821433,itsmorganarielslife
7025677086,therealtall
52332804907,southernscarlettdesign
21273043,ashley.white.smolenski
14903705,courtneycasole
3045318448,sophiekerpow
4635638678,tom.tevis
8316067955,lizbartdesign
426072288,nautilusmag
45633319457,lakemistandlabrador
74758843841,soyllelymamipor3
7485930961,neutralfabric
68849637714,heartbeats.stem.stethoscope
21789678397,bellatobali
8532306641,snugbubbaby
76829716857,prekgeek
5862552849,chantalmazal
75405333447,mummyandsummy
16032246054,hairgrowthlab
75405417913,papelpintado.store
48665549859,itsmylifeprincess_notyours
45870249243,kymodernfarmhouse
48737589131,bellaghodsian
262182249,bethbrake05
57244958154,ilgallinaio_special
6510805435,akakitchen_loveland
75541846365,jen__lately
73655277927,one.mindful.mom
1013156750,netcastchurch
52656339936,thedanihampton
43130504401,_rat_of_sunshine
46012597915,thewalkergirls_
9616453098,bh_construction_llc
76352122548,vidas.entrelazadas
73375734600,tookbydasha
76607568340,learning_portuguesee_joana
8323602422,brynnbands
560096215,islam.mosaya
77179015510,nemoobusiness
57424841914,chaoswithkoda
1459768074,build_basic
19076944,alyssialeavell
31608066643,_jessicabyrum
6581268780,beingagency
67962932782,gemmebeautyofficial
78115252068,edgarardila81crsenado
52367524684,brittanyschmur
20731343,hendersonhome_
1463354178,klaudiawho
66142159896,astridorable
32482253910,explourmobilebar
3559050120,rachelmcconnwellness
8395467,rachaelfae
28205316158,divinebydesignsllc
9941460,itsme_courtneyg
1530819744,wonderforwildlife
66966014855,life.coach.laura
911013491,thatblackquin
394730511,kinuszz
49207169761,lizzydewvalley
63382034350,ourwabisabihome
49511683,amysbooketlist
6926089221,novas_narcissistabuse_recovery
7078280216,thesunshinemama
54900533964,carols_cornerr
40061355,ladylogandanei
2719013421,arie.tg
8291750509,lowfindslookluxe
2927159771,katinka.mathilde
176605752,tialevingswriter
229187294,sweetsassybatch
1951667175,vm_prostylist
7266520918,tinandturquoise
8615634010,wall.blush
42752900,itsgretawilson
7211237837,anitaamayy
57064992923,maro.homedecor
215181088,hannaheastmann
50084118857,fl.amykate
73984496794,petalandstill
1773521326,the.wild.society
50339374142,develop_with_dani
1838380505,freetoeatfoods
70721691538,glamaker.official
1293132795,therealtealrose
51162381687,adamandlinds
19285138785,the______bar
47637340618,oak.thedoodle
1904219104,arrowheadmills
51319080964,busybeebeautydesigns
1670253254,baileylarnold
1185165109,randy__marie
50942204716,goodreadswithamila
45543372057,staytruepodcast
1945124351,cambridgehomecompany
51257066846,simpli_whit
11930483454,collectedhomegirl
65786734242,_keishlavallereyes
63504951672,eatwonderpop
648376414,woodenstory
4873018140,cynthiaespenshadeteam
15526693229,rschiavi36
12626102968,kristynandco_
11353457478,memezavala
262929791,thebeyonddad
38049013371,_thevvshow_
7191449798,mixcu.headphones
15202847431,abiiemy
6230364407,mcphersonmanor
581779274,memeamor_
5190240921,smarthernews
68837204712,thespooniedietitian
1372594367,heyprettyblog
425396066,oonasusanna
6425594899,enneagramwithabbey
1412678932,lifeovercs
48266785105,raysa_c.g
1446635792,grtpretenders
38794870492,olivioandco
52280065668,yunoga_athletic
53053565660,cuddlybubsau
8183074317,magiclainez
616553535,cowboystitchboutique
193434025,ang.arana
686588717,theasianchicmomma_ph
201977802,visitwilliamsburg
65304424173,brittany_sealy
438787734,khan_homedecor
220584626,cristina_petersonnn
12901675084,amagicalsunflower
53855896096,eeeeatsnyc
2902097898,livnsoils
56645298449,crunch.marietta
50064849611,naturallynatashah
54272919777,tancosunless
52161837621,blencotofficial
10672592652,aurora_christian_schools
54688917342,chicagoburbsmama
298028037,_finntage
9616298140,alloveradventure
983172508,heidi_littleton
16016604535,renova_med
29850089120,_hausofjordan_
50815234147,ezslack
55407951124,littlestar_athharv
52518408080,georgiaslifeinsquares
16026676,victoriaengasser
5553185643,simplysamanthanicole_
36828625822,nirell_aw
1530536270,ccj.lifestyle
24805167,nailedbykatyp
76585567770,amieleeugc
6788469,kristlelauren
21989764758,venusmoonyoga
5567869827,biancaecklunddesign
7587314650,art.pompom.love
17331197,nenaileditt
57892158545,karteriakonsulting
55920954940,kennaclaire00
9272921196,thejollyrogersfamily
53090191343,zolyandbear
48343184771,modebrush
8607579628,alicia.percival_macromaniacs
179178943,joreynoso.realtor
40033839811,momandaofficial
6925398753,angiereneewellness
35716895,heyyitsbrenda
56425911703,disneycountdownshow
45506692873,kksbowtique_moccasins
75315492958,ellishablake
65239916657,josdoughlights
18499239,kamiblease
7343328387,authenticlovepresets
7107045871,goallinerealestateteam
541483764,liteteget
57085417523,martalocklear.5
51959765432,mommylovesisla
47355757626,uptownmarietta
57155947586,catarinamello
27061442540,skinwithjasmine_._
189804465,mariawearsit
12571123241,zerowastesunflower
192019300,aryonnarichard
57158132623,doozyanddevoted
15530704,shopsugarlips
49241684423,_theprettylittlecandleco
62304116543,lund_home
43798553,shannahclarke_
45525253032,picnicforlunch
194136918,ashcocilova
5788462652,styledjen
2165805098,lashaundaloves
4496282093,linenfairytales
5324302826,thewillowco
8634578345,bradleycooper_original
6709383989,e_readsx
6077654,lennaomrani
67549842664,catlefever
58377912937,itgetsgoodpodcast
1438591349,kelly.lenahan
29868696184,nayemasreads
197758751,brickeller
6247993886,miamae.luxurycandles
13811356130,terese_and_tahlia
6060778899,rebeccaallenny
1989123996,jenshelbymiller
5838273145,dishingondenver
6865493348,laetitiafitt
6896589340,triangle.t.boutique
3914564870,bouncybands
3268767235,hrhrenovations
2283517654,abo_daod_king
51486697358,lifestyle.with.mel
7567941,steph.pollock
2304807865,claireakennedy
227594792,ohsoyoujas
333566646,ritaa_molchanova
1962296077,megann.wrighttt
964992911,phunmieey
15923250338,hairmayraki
55600831286,linenlab.co.kr
32383114,maddiedobbs_
1554540765,linmedrano_
15183971756,phitwithphoebe
380648941,lux_mommy
2059367321,sabrinajoyportrait
1398114031,elishahardyrealtor
6072203323,simplystyled_interiors
29158827491,thangs3d
3092247551,thenovelmaura
5633228319,thehouseilove
214117128,style_wire
12491938340,gatewayglamping
5624161650,thecreativeparty
8764580278,tonicskinstudioco
7306025112,sannealexandrastockholm
1037832596,postinowinecafe
32186424,autumemonet
35676936748,marycurates
49621076,brandyunruh
51192070041,ourlittlerhythm
22405317605,lindseytynartworks
22427734261,heycourtneymitchell
6264630595,jawsocialmedia
274032666,jeffrey_keller
2282267125,brookandyork
1335477244,elevatedmagazines
4537342085,graceoaksdesigns
57324094758,thats.thespirits
11636955669,hellochildrenuk
34928920041,theniftythriftymom
391385543,erikairios
642432510,with.love.mercedes
234320124,rhonda_ann1
65196736242,abyvenegasp
64752619042,jessicakennedyhome
2200848987,livingwithamanda
23447127228,travelwithamberrae
14622128,katielfletcher
229558338,johannazebene
1104493597,alisonjprince
13069092333,thehostcompany
45311587724,bylilyplew
